ticker,sector,signal_date,entry_date,exit_date,entry,stop,target,exit,status,ret_pct,score,hold_days
TRENT,Retail,2023-04-26,2023-04-27,2023-04-28,1373.1989416628796,1327.1501417438806,1465.2965415008778,1327.1501417438806,STOP_HIT,-3.65339611194545,90,2
ASIANPAINT,Chemicals,2023-04-26,2023-04-27,2023-04-28,2803.689784222266,2737.475993456089,2936.117365754621,2737.475993456089,STOP_HIT,-2.6616660851280556,85,2
ONGC,Energy,2023-04-27,2023-04-28,2023-04-28,136.7899894674011,133.2919959090229,143.78597658415757,133.2919959090229,STOP_HIT,-2.857199961779255,75,1
ULTRACEMCO,Cement,2023-04-28,2023-05-02,2023-05-30,7271.436060538335,7083.134517107638,7648.03914739973,7648.03914739973,TARGET_HIT,4.879211970317632,85,21
DEEPAKNTR,Chemicals,2023-04-28,2023-05-02,2023-05-18,1871.4576411668047,1824.8527064252091,1964.6675106499956,1964.6675106499956,TARGET_HIT,4.680602682787794,85,13
MARUTI,Auto,2023-05-02,2023-05-03,2023-05-10,8430.12147170957,8237.825097049252,8814.714221030206,8814.714221030206,TARGET_HIT,4.262125831890818,100,6
ADANIENT,Infra,2023-05-10,2023-05-11,2023-05-22,1921.5039617110153,1805.4909324070316,2153.5300203189827,2153.5300203189827,TARGET_HIT,11.775231861679757,75,8
COALINDIA,Metal,2023-05-18,2023-05-19,2023-06-01,191.02387304076572,186.38077383473475,200.31007145282769,183.38291131346608,STOP_HIT,-4.300003562732191,75,10
BANDHANBNK,Bank,2023-05-22,2023-05-23,2023-05-24,234.82774341425534,225.64010323267945,253.2030237774071,253.2030237774071,TARGET_HIT,7.525004020387949,90,2
ICICIBANK,Bank,2023-05-24,2023-05-25,2023-06-20,906.7185078782338,887.2298547381987,945.6958141583041,887.2298547381987,STOP_HIT,-2.449360906466946,60,19
DIVISLAB,Pharma,2023-05-30,2023-05-31,2023-06-30,3350.662493390635,3216.0881005427414,3619.8112790864225,3502.751953125,EXPIRED,4.2390862265110245,75,22
HDFCLIFE,Insurance,2023-06-01,2023-06-02,2023-06-19,577.7375459706194,558.5255930526581,616.161451806542,616.161451806542,TARGET_HIT,6.350754499842848,75,12
ASHOKLEY,Auto,2023-06-19,2023-06-20,2023-06-22,76.57492112458972,74.28524675319657,81.154269867376,74.28524675319657,STOP_HIT,-3.2901099965454423,70,3
SBILIFE,Insurance,2023-06-20,2023-06-21,2023-06-23,1288.7795871718167,1254.1630962680706,1358.012568979309,1254.1630962680706,STOP_HIT,-2.985990005452432,70,3
BANKBARODA,Bank,2023-06-22,2023-06-23,2023-07-03,170.9928388329642,165.83304047641553,181.31243554606152,181.31243554606152,TARGET_HIT,5.7351046181402525,90,6
TATACONSUM,FMCG,2023-06-23,2023-06-26,2023-07-10,834.848537919458,810.1868991080482,884.1718155422774,810.1868991080482,STOP_HIT,-3.254025513761993,75,10
BAJFINANCE,NBFC,2023-06-30,2023-07-03,2023-07-04,703.7874797566218,687.1024021445022,737.157634980861,751.88870402524,TARGET_HIT,6.534623469751433,85,2
DIVISLAB,Pharma,2023-07-03,2023-07-04,2023-08-02,3518.7816969839514,3407.7680527222424,3740.80898550737,3607.337890625,EXPIRED,2.2166719980654896,75,22
BHARTIARTL,Telecom,2023-07-04,2023-07-05,2023-08-03,841.528287309829,819.8057867801665,884.973288369154,845.1153564453125,EXPIRED,0.12625651324812442,90,22
TITAN,Retail,2023-07-10,2023-07-11,2023-07-18,3023.9491131561167,2944.545631786432,3182.756075895487,2944.545631786432,STOP_HIT,-2.925820686738045,75,6
IRFC,NBFC,2023-07-18,2023-07-19,2023-07-21,30.981096051949766,30.10229105582245,32.73870604420439,32.73870604420439,TARGET_HIT,5.373169178093085,60,3
ASHOKLEY,Auto,2023-07-21,2023-07-24,2023-07-28,85.21610940715144,82.2897479500834,91.06883232128752,82.2897479500834,STOP_HIT,-3.734047244619287,70,5
POWERGRID,Power,2023-07-28,2023-07-31,2023-08-01,173.21807784572633,167.54333360654607,184.5675663240868,167.54333360654607,STOP_HIT,-3.576069282003213,85,2
BALKRISIND,Auto,2023-08-01,2023-08-02,2023-08-07,2474.133823125182,2381.095742777177,2660.209983821193,2381.095742777177,STOP_HIT,-4.060430397030223,85,4
ICICIBANK,Bank,2023-08-02,2023-08-03,2023-08-14,944.9903812949868,923.6165326670376,987.7380785508853,923.6165326670376,STOP_HIT,-2.561805945438211,75,8
DIXON,CapGoods,2023-08-03,2023-08-04,2023-08-08,4490.602985140782,4280.847934320449,4910.113086781449,4910.113086781449,TARGET_HIT,9.04195481161013,85,3
M&M,Auto,2023-08-07,2023-08-08,2023-09-07,1491.114184461703,1430.5339110092516,1612.2747313666055,1525.95556640625,EXPIRED,2.036600530503641,85,22
TECHM,IT,2023-08-08,2023-08-09,2023-09-08,1100.6452872373577,1059.1538043446467,1183.6282530227795,1151.7127685546875,EXPIRED,4.339776493797587,100,22
TRENT,Retail,2023-08-14,2023-08-16,2023-08-24,1924.1622328169763,1851.1684137163206,2070.1498710182877,2070.1498710182877,TARGET_HIT,7.28707533655234,70,7
SIEMENS,CapGoods,2023-08-24,2023-08-25,2023-09-25,2206.626792801766,2130.0004480676184,2359.879482270061,2130.0004480676184,STOP_HIT,-3.772555711917857,85,21
BIOCON,Pharma,2023-09-15,2023-09-18,2023-09-21,276.7141985982825,267.1049963080336,295.93260317878025,267.1049963080336,STOP_HIT,-3.772609045334529,100,3
OFSS,IT,2023-09-15,2023-09-18,2023-09-25,3884.6288764780143,3743.0951629731976,4167.696303487648,3743.0951629731976,STOP_HIT,-3.9434294756398365,90,5
AXISBANK,Bank,2023-09-21,2023-09-22,2023-10-19,1007.5823094971842,980.5707324860485,1061.6054635194555,977.3547899117126,STOP_HIT,-3.3000049922031756,75,19
TATACONSUM,FMCG,2023-09-25,2023-09-26,2023-09-28,887.2464589314724,861.5605999318692,938.6181769306788,861.5605999318692,STOP_HIT,-3.1950083419366,100,3
JINDALSTEL,Metal,2023-09-25,2023-09-26,2023-10-09,688.9497699237725,663.2361809626484,740.3769478460206,663.2361809626484,STOP_HIT,-4.0322879088803605,70,9
DIXON,CapGoods,2023-09-29,2023-10-03,2023-10-09,5271.708068574412,5038.045296122476,5739.033613478285,5024.247639811133,STOP_HIT,-4.994122389637522,85,5
BOSCHLTD,Auto,2023-10-10,2023-10-11,2023-10-13,19094.447185875226,18587.978293660166,20107.384970305346,20107.384970305346,TARGET_HIT,5.004881437884324,85,3
SHREECEM,Cement,2023-10-10,2023-10-11,2023-10-25,25891.269320071915,25194.625113861082,27284.557732493584,25194.625113861082,STOP_HIT,-2.990652967217666,70,10
HEROMOTOCO,Auto,2023-10-13,2023-10-16,2023-11-16,2801.07997617447,2711.1104166498985,2981.0190952236135,2959.949462890625,EXPIRED,5.371722623683473,85,22
SRF,Chemicals,2023-10-19,2023-10-20,2023-10-23,2230.240436441256,2168.279967268225,2354.161374787318,2168.279967268225,STOP_HIT,-3.0781968329791405,60,2
DIXON,CapGoods,2023-11-30,2023-12-01,2023-12-01,5521.315494103321,5330.065515095373,5903.815452119217,5903.815452119217,TARGET_HIT,6.627696097504299,100,1
SBILIFE,Insurance,2023-11-30,2023-12-01,2023-12-21,1430.7556927578205,1388.3384176836973,1515.5902429060666,1388.3384176836973,STOP_HIT,-3.2646763097872173,100,15
BANKBARODA,Bank,2023-12-01,2023-12-04,2023-12-13,186.88512753660194,180.8537774938931,198.94782762201967,198.94782762201967,TARGET_HIT,6.1546067653538765,75,8
BOSCHLTD,Auto,2023-12-01,2023-12-04,2023-12-06,21498.230314862867,20885.672154422344,22723.346635743914,20885.672154422344,STOP_HIT,-3.149342255008913,70,3
ADANIPORTS,Infra,2023-12-06,2023-12-07,2024-01-03,1015.3640310054946,965.9093125986767,1114.2734678191302,1114.2734678191302,TARGET_HIT,9.441278378325812,70,19
CUMMINSIND,CapGoods,2023-12-13,2023-12-14,2023-12-20,1892.2335363063492,1817.5137925722463,2041.6730237745548,1817.5137925722463,STOP_HIT,-4.248759088159715,75,5
GODREJCP,FMCG,2023-12-20,2023-12-21,2023-12-27,997.5718077544514,967.4601468696547,1057.7951295240446,1057.7951295240446,TARGET_HIT,5.7369911520612,100,4
ONGC,Energy,2023-12-21,2023-12-22,2024-01-08,180.3598060671101,173.61438783106266,193.85064253920496,193.85064253920496,TARGET_HIT,7.179957295515738,100,11
GRASIM,Cement,2023-12-27,2023-12-28,2024-01-04,2098.2568436205634,2034.1991135838723,2226.3723036939455,2034.1991135838723,STOP_HIT,-3.3529022331774567,85,6
HINDALCO,Metal,2024-01-03,2024-01-04,2024-01-10,583.2718087243993,561.9369502571285,625.9415256589409,561.9369502571285,STOP_HIT,-3.957790098569924,75,5
ALKEM,Pharma,2024-01-04,2024-01-05,2024-01-10,5135.38768566753,4973.944342988044,5458.274371026501,4973.944342988044,STOP_HIT,-3.4437420611896914,70,4
AXISBANK,Bank,2024-01-08,2024-01-09,2024-01-17,1125.848594466918,1093.9520444059801,1189.641694588794,1079.4098979472835,STOP_HIT,-4.424772793416587,70,7
ONGC,Energy,2024-01-10,2024-01-11,2024-01-15,189.20095518504226,182.3988453908194,202.805174773488,202.805174773488,TARGET_HIT,6.890354602142768,75,3
BAJAJ-AUTO,Auto,2024-01-10,2024-01-11,2024-01-25,6763.818768273711,6528.073668448636,7235.308967923859,7235.308967923859,TARGET_HIT,6.670769262206056,70,10
TECHM,IT,2024-01-15,2024-01-16,2024-02-16,1226.0248300554806,1177.0704915156234,1323.933507135195,1200.630615234375,EXPIRED,-2.371264316886345,70,22
DLF,Realty,2024-01-17,2024-01-18,2024-01-23,756.4899564918398,727.9241818622346,813.6215057510503,727.9241818622346,STOP_HIT,-4.076094366417859,75,3
ICICIBANK,Bank,2024-01-23,2024-01-24,2024-01-24,1004.3805964528723,974.2963861469573,1064.5490170647024,974.2963861469573,STOP_HIT,-3.295299830777509,100,1
COALINDIA,Metal,2024-01-24,2024-01-25,2024-02-02,327.6284845520393,313.38888384516235,356.1076859657933,356.1076859657933,TARGET_HIT,8.392529116536707,85,6
PNB,Bank,2024-01-25,2024-01-29,2024-02-01,100.33551788330078,95.302898686253,110.40075627739633,110.40075627739633,TARGET_HIT,9.731580647046966,70,4
CIPLA,Pharma,2024-02-01,2024-02-02,2024-02-28,1348.1542122343087,1296.58218406112,1451.2982685806862,1451.2982685806862,TARGET_HIT,7.350760974550219,100,19
CANBK,Bank,2024-02-02,2024-02-05,2024-02-08,94.3927318401758,90.32962493247993,102.51894565556753,102.81838562813708,TARGET_HIT,8.626167961986152,70,4
BANKBARODA,Bank,2024-02-08,2024-02-09,2024-02-16,230.7938232344312,218.63541657147283,255.11063656034793,255.11063656034793,TARGET_HIT,10.236162963606132,90,6
POWERGRID,Power,2024-02-16,2024-02-19,2024-03-14,256.25299548585804,243.3700784483388,282.0188295608965,243.3700784483388,STOP_HIT,-5.32742105047127,85,18
BAJAJ-AUTO,Auto,2024-02-16,2024-02-19,2024-02-28,8013.550758308562,7774.079166000803,8492.49394292408,7774.079166000803,STOP_HIT,-3.2883331313459436,70,8
ETERNAL,Retail,2024-02-28,2024-02-29,2024-03-04,156.4499969482422,147.30800404129738,174.73398276213177,174.73398276213177,TARGET_HIT,11.386792055316196,75,3
CIPLA,Pharma,2024-02-29,2024-03-01,2024-03-19,1452.1574814062494,1405.2239366853617,1546.024570848025,1405.2239366853617,STOP_HIT,-3.5319872549524063,85,12
MOTHERSON,Auto,2024-03-04,2024-03-05,2024-03-11,79.7947308410665,76.27994008529049,86.8243123526185,76.27994008529049,STOP_HIT,-4.704790540338677,100,4
SIEMENS,CapGoods,2024-03-11,2024-03-12,2024-03-27,2761.9643055535144,2650.6715902263336,2984.5497362078754,2986.0648285204197,TARGET_HIT,7.813809527382522,70,11
INFY,IT,2024-03-14,2024-03-15,2024-03-19,1512.3444475668186,1467.788702159255,1601.4559383819458,1467.4193112677192,STOP_HIT,-3.270562451654357,85,3
BAJAJ-AUTO,Auto,2024-03-21,2024-03-22,2024-04-26,8299.796277998757,7951.193526232975,8997.001781530322,8561.4296875,EXPIRED,2.852287125345299,85,22
COLPAL,FMCG,2024-03-21,2024-03-22,2024-04-26,2542.6230980738055,2444.901416998321,2738.066460224775,2703.700439453125,EXPIRED,6.035085270850627,75,22
TITAN,Retail,2024-03-27,2024-03-28,2024-04-12,3724.2714629486845,3611.372804024077,3950.068780797899,3611.372804024077,STOP_HIT,-3.3314293694160497,100,10
JSWSTEEL,Metal,2024-04-12,2024-04-15,2024-05-13,849.0169786716768,817.3439944983626,912.3629470183052,817.3439944983626,STOP_HIT,-4.030547794564487,90,19
SBIN,Bank,2024-04-26,2024-04-29,2024-05-30,764.2904382833768,739.58313934455,813.7050361610304,795.2590942382812,EXPIRED,3.751948631525626,85,22
BIOCON,Pharma,2024-04-26,2024-04-29,2024-05-07,309.28640366358474,293.964386393496,339.9304382037622,293.964386393496,STOP_HIT,-5.2539899228013605,70,6
MARICO,FMCG,2024-05-07,2024-05-08,2024-06-05,572.0727839469297,552.5365106648776,611.1453305110339,611.1453305110339,TARGET_HIT,6.529995703436387,70,20
COALINDIA,Metal,2024-05-16,2024-05-17,2024-06-03,401.87273223339275,382.5891012185916,440.439994262995,441.24183259390674,TARGET_HIT,9.49640995837705,100,11
BHARTIARTL,Telecom,2024-05-30,2024-05-31,2024-05-31,1344.0592275997085,1303.3442060720654,1425.4892706549945,1303.3442060720654,STOP_HIT,-3.329257988902334,70,1
ADANIPORTS,Infra,2024-05-31,2024-06-03,2024-06-04,1528.4731551656719,1463.5258548345212,1658.367755827973,1463.5258548345212,STOP_HIT,-4.549161989639982,100,2
BPCL,Energy,2024-06-03,2024-06-04,2024-06-04,298.77096847390123,283.8790208683072,328.55486368508934,283.8790208683072,STOP_HIT,-5.2844024945465575,100,1
AUBANK,Bank,2024-06-05,2024-06-06,2024-07-08,667.4700536874687,633.0989151196413,736.2123308231235,640.2731323242188,EXPIRED,-4.374627949673449,100,22
TORNTPHARM,Pharma,2024-06-05,2024-06-06,2024-07-08,2757.630440158693,2640.1133749446694,2992.6645705867404,2829.9404296875,EXPIRED,2.322178391845931,85,22
PIDILITIND,Chemicals,2024-06-06,2024-06-07,2024-07-09,1526.2987320520313,1466.6711761035842,1645.5538439489253,1527.5496826171875,EXPIRED,-0.21804025392365672,85,22
ULTRACEMCO,Cement,2024-07-08,2024-07-09,2024-08-08,11213.255227755146,10800.79895870243,12038.167765860579,10963.30859375,EXPIRED,-2.5290283145118826,75,22
BOSCHLTD,Auto,2024-07-08,2024-07-09,2024-08-05,33847.026896646814,32389.97773099959,36761.12522794126,32389.97773099959,STOP_HIT,-4.604806948321859,75,19
POWERGRID,Power,2024-07-09,2024-07-10,2024-07-22,319.5011596768285,307.4784485234587,343.546581983568,307.39176647293505,STOP_HIT,-4.090093662302174,85,8
INDIGO,Infra,2024-07-22,2024-07-23,2024-07-23,4331.8797697119035,4182.371507227722,4630.896294680268,4182.371507227722,STOP_HIT,-3.7513483852790515,75,1
ONGC,Energy,2024-07-23,2024-07-24,2024-08-23,280.8235511802613,266.3456970607724,309.7792594192391,288.29339599609375,EXPIRED,2.3599780482932324,75,22
NTPC,Power,2024-08-05,2024-08-06,2024-09-05,389.74334304993414,372.45577052926683,424.3184880912687,383.31396484375,EXPIRED,-1.9496441365415171,90,22
PIDILITIND,Chemicals,2024-08-08,2024-08-09,2024-08-12,1581.62892670384,1526.8557190028814,1691.1753421057574,1526.8557190028814,STOP_HIT,-3.7630883879386063,85,2
VOLTAS,CapGoods,2024-08-12,2024-08-13,2024-08-27,1568.8366597544973,1491.0612825730589,1724.387414117374,1724.387414117374,TARGET_HIT,9.615038216102,85,10
TECHM,IT,2024-08-23,2024-08-26,2024-09-24,1511.5174728040686,1459.2142881188402,1616.1238421745256,1536.9598388671875,EXPIRED,1.3832333413863809,75,22
BPCL,Energy,2024-08-27,2024-08-28,2024-09-19,320.7667941570692,307.6952511296874,346.90988021183284,307.6952511296874,STOP_HIT,-4.3750923304677,75,17
BHARTIARTL,Telecom,2024-09-05,2024-09-06,2024-09-12,1520.7869312087687,1476.076587150855,1610.2076193245964,1610.2076193245964,TARGET_HIT,5.579895880269914,75,5
MARICO,FMCG,2024-09-12,2024-09-13,2024-10-15,674.5262931787139,651.6861847053004,720.2065101255408,672.2713623046875,EXPIRED,-0.6342984397835758,85,22
MRF,Auto,2024-09-19,2024-09-20,2024-10-07,136042.40079256977,132517.74808180105,143091.70621410717,132517.74808180105,STOP_HIT,-2.890848654709432,75,11
TITAN,Retail,2024-09-24,2024-09-25,2024-10-03,3776.2074516899124,3673.368137481042,3981.886080107653,3666.0017344833946,STOP_HIT,-3.218423275638604,75,6
KOTAKBANK,Bank,2024-10-14,2024-10-15,2024-10-17,381.3412141442079,369.6577669728432,404.70810848693736,369.6577669728432,STOP_HIT,-3.363777723995631,85,3
ABB,CapGoods,2024-10-14,2024-10-15,2024-10-22,8417.430668216375,8060.393850825413,9131.504302998299,8060.393850825413,STOP_HIT,-4.541636568972384,85,6
ASHOKLEY,Auto,2025-01-02,2025-01-03,2025-01-06,113.23701689735051,108.92228045978216,121.86648977248721,108.92228045978216,STOP_HIT,-4.11035862281649,100,2
SUNPHARMA,Pharma,2025-01-02,2025-01-03,2025-01-06,1843.7843901661874,1793.1606950027135,1945.0317804931356,1793.1606950027135,STOP_HIT,-3.0456407285729843,90,2
CANBK,Bank,2025-04-15,2025-04-16,2025-04-22,86.88791817830662,82.4688395512629,95.72607543239407,95.72607543239407,TARGET_HIT,9.871905875279761,100,4
EICHERMOT,Auto,2025-04-15,2025-04-16,2025-05-09,5421.199547430104,5208.9008273018835,5845.7969876865445,5173.0492554169505,STOP_HIT,-4.877405606306961,100,16
GAIL,Energy,2025-04-16,2025-04-17,2025-05-20,177.57415924228445,167.4759729659749,197.77053179490352,183.72726440429688,EXPIRED,3.165090409701466,85,22
ASIANPAINT,Chemicals,2025-04-22,2025-04-23,2025-05-07,2390.2206698356213,2314.1852326134826,2542.2915442798985,2314.1852326134826,STOP_HIT,-3.481105333984402,75,10
POWERGRID,Power,2025-05-07,2025-05-08,2025-05-09,302.07333334700627,290.74668139372,324.7266372535788,289.1576230425364,STOP_HIT,-4.5756870198909505,70,2
CANBK,Bank,2025-05-09,2025-05-12,2025-05-28,93.9253074639926,89.24524276480234,103.28543686237312,103.28543686237312,TARGET_HIT,9.665503069520264,70,13
MOTHERSON,Auto,2025-05-12,2025-05-13,2025-06-11,95.67834702140637,89.73621642783064,107.56260820855783,105.62014770507812,EXPIRED,10.090857485704118,90,22
DIVISLAB,Pharma,2025-05-20,2025-05-21,2025-06-19,6398.36047676282,6098.826855100422,6997.427720087617,6437.0244140625,EXPIRED,0.3042788217403006,85,22
MARICO,FMCG,2025-05-28,2025-05-29,2025-06-03,713.4981112909196,690.0292373589114,760.4358591549361,690.0292373589114,STOP_HIT,-3.5892692441114478,70,4
ADANIPORTS,Infra,2025-06-03,2025-06-04,2025-06-18,1419.3835580156406,1364.2133419301317,1529.7239901866583,1364.2133419301317,STOP_HIT,-4.186913848899254,75,11
BAJAJ-AUTO,Auto,2025-06-11,2025-06-12,2025-06-13,8398.460230412666,8143.057840949397,8909.265009339202,8136.3843718153685,STOP_HIT,-3.42052270782045,70,2
ONGC,Energy,2025-06-13,2025-06-16,2025-06-24,239.92775875772617,232.266837559505,255.24960115416846,232.266837559505,STOP_HIT,-3.493011612281593,100,7
TITAN,Retail,2025-06-18,2025-06-19,2025-06-26,3457.0185976943762,3356.897253353174,3657.26128637678,3657.26128637678,TARGET_HIT,5.492352080950725,70,6
MARUTI,Auto,2025-06-19,2025-06-20,2025-06-30,12545.848953854273,12214.304068835107,13208.938723892603,12214.304068835107,STOP_HIT,-2.942666002425531,85,7
IOC,Energy,2025-06-24,2025-06-25,2025-07-07,133.22237513969844,128.7087608824659,142.24960365416354,142.24960365416354,TARGET_HIT,6.4760603314563685,85,9
BHARTIARTL,Telecom,2025-06-26,2025-06-27,2025-07-11,1968.5611570707292,1918.5103477262576,2068.6627757596725,1901.963053326605,STOP_HIT,-3.6830853313810192,70,11
DIXON,CapGoods,2025-06-30,2025-07-01,2025-07-16,14582.28334062415,13847.369269597819,16052.111482676813,16356.127727750947,TARGET_HIT,11.86438019816226,75,12
DABUR,FMCG,2025-07-07,2025-07-08,2025-08-01,498.2820560973898,486.05507977848197,522.7360087352055,523.4108229894721,TARGET_HIT,4.743080838369751,70,19
NMDC,Metal,2025-07-11,2025-07-14,2025-08-12,65.15692914604354,62.86963590525526,69.7315156276201,66.98887634277344,EXPIRED,2.5115922907044235,60,22
NYKAA,Retail,2025-07-16,2025-07-17,2025-07-29,215.8000030517578,207.3468400066148,232.70632914204384,207.3468400066148,STOP_HIT,-4.217128325116659,75,9
PGHH,FMCG,2025-09-19,2025-09-22,2025-09-23,13452.357085482627,13069.777475394976,14217.51630565793,13069.777475394976,STOP_HIT,-3.1439596693468626,100,2
M&M,Auto,2025-09-19,2025-09-22,2025-09-26,3562.587397513958,3442.056059737071,3803.650073067732,3442.056059737071,STOP_HIT,-3.683252797138292,90,5
HDFCLIFE,Insurance,2025-09-22,2025-09-23,2025-09-25,784.6534104686169,761.4578724472603,831.0444865113301,761.4578724472603,STOP_HIT,-3.256150793699297,85,3
CANBK,Bank,2025-09-23,2025-09-24,2025-09-26,118.78165454418034,115.04974218543154,126.24547926167794,115.04974218543154,STOP_HIT,-3.441825539532905,70,3
ONGC,Energy,2025-09-25,2025-09-26,2025-10-23,227.9039307888727,223.30573886618944,237.10031463423928,237.39993279867397,TARGET_HIT,3.866668813886432,75,18
PNB,Bank,2025-10-03,2025-10-06,2025-10-29,111.5561450443803,108.03399145598749,118.60045222116591,118.60045222116591,TARGET_HIT,6.014584619236508,100,17
PFC,NBFC,2025-10-03,2025-10-06,2025-10-09,391.13874118480027,379.66197916681745,414.09226522076585,379.66197916681745,STOP_HIT,-3.2341920933780406,100,4
SAIL,Metal,2025-10-09,2025-10-10,2025-10-13,134.73575273903754,129.57340506743745,145.0604480822377,129.57340506743745,STOP_HIT,-4.13146089041323,85,2
BHARTIARTL,Telecom,2025-10-13,2025-10-14,2025-10-20,1939.5897682426169,1897.5356778831074,2023.6979489616358,2023.6979489616358,TARGET_HIT,4.036390204575369,85,5
POLYCAB,CapGoods,2025-10-20,2025-10-21,2025-11-21,7657.665641436555,7403.251676058443,8166.4935721927795,7485.48291015625,EXPIRED,-2.5485015583417976,75,22
BHARTIARTL,Telecom,2025-10-23,2025-10-24,2025-10-29,1983.0429326806875,1933.7744191413276,2081.5799597594073,2081.5799597594073,TARGET_HIT,4.668981026826125,90,4
BPCL,Energy,2025-10-29,2025-10-30,2025-11-04,333.4594174675753,322.694794359617,354.9886636834919,354.9886636834919,TARGET_HIT,6.156331741780863,100,4
NMDC,Metal,2025-10-29,2025-10-30,2025-11-06,73.21011701959983,70.83602428397911,77.95830249084128,70.83602428397911,STOP_HIT,-3.5428478907978396,85,5
AUROPHARMA,Pharma,2025-11-04,2025-11-06,2025-11-17,1156.0,1117.1533037805984,1233.6933924388031,1233.6933924388031,TARGET_HIT,6.420881698858405,85,8
BPCL,Energy,2025-11-06,2025-11-07,2025-12-08,350.12346590255936,338.04802373069197,374.27435024629415,347.74066162109375,EXPIRED,-0.9805611487145425,70,22
MARICO,FMCG,2025-11-17,2025-11-18,2025-11-20,754.4997025218025,734.3343913895724,794.8303247862628,734.3343913895724,STOP_HIT,-2.9726731720145945,70,3
EICHERMOT,Auto,2025-11-20,2025-11-21,2025-12-22,7051.656258041636,6839.568600956371,7475.831572212165,7215.935546875,EXPIRED,2.0296553720414616,75,22
INDUSINDBK,Bank,2025-11-21,2025-11-24,2025-12-23,845.7301785705075,814.0882565474818,909.0140226165589,848.5256958007812,EXPIRED,0.03054481217624777,90,22
TORNTPHARM,Pharma,2025-12-08,2025-12-09,2026-01-07,3726.987609858095,3633.27156422327,3914.4197011277442,3914.4197011277442,TARGET_HIT,4.729050560132831,70,21
INFY,IT,2025-12-22,2025-12-23,2025-12-30,1643.4370603643276,1601.5460840363057,1727.2190130203712,1601.5460840363057,STOP_HIT,-2.8489857408190207,70,5
EICHERMOT,Auto,2025-12-23,2025-12-24,2026-01-21,7224.34780315171,7041.020049549855,7591.00331035542,7026.915210713191,STOP_HIT,-3.0328777326084184,85,20
TITAN,Retail,2025-12-30,2025-12-31,2026-01-07,3970.970031354128,3885.106418271792,4142.6972575188,4211.182053756641,TARGET_HIT,5.749202600519221,100,6
SBILIFE,Insurance,2026-01-07,2026-01-08,2026-01-22,2078.0113212025967,2027.9430164592022,2178.1479306893857,2027.9430164592022,STOP_HIT,-2.709433684625872,90,11
HCLTECH,IT,2026-01-07,2026-01-08,2026-01-28,1594.2985190902186,1551.5813424306357,1679.7328724093845,1679.7328724093845,TARGET_HIT,5.0587425627114495,85,14
DIXON,CapGoods,2026-05-06,2026-05-07,2026-05-08,11341.272666538911,10786.14752114595,12451.522957324834,10786.14752114595,STOP_HIT,-5.1947341424106055,85,2
GAIL,Energy,2026-05-06,2026-05-07,2026-05-12,165.4196481857098,159.45704543116312,177.34485369480316,159.45704543116312,STOP_HIT,-3.9045311545172097,85,4
MOTHERSON,Auto,2026-05-07,2026-05-08,2026-05-12,130.76268432974635,123.74920428450258,144.78964442023388,123.74920428450258,STOP_HIT,-5.663517949476904,100,3
MUTHOOTFIN,NBFC,2026-05-08,2026-05-11,2026-05-15,3481.5,3326.818702821976,3790.8625943560482,3326.818702821976,STOP_HIT,-4.742949796869855,85,5
DIXON,CapGoods,2026-05-22,2026-05-25,2026-06-03,11840.888211014146,11180.481244532266,13161.702143977907,11180.481244532266,STOP_HIT,-5.877343141096314,100,7
MOTHERSON,Auto,2026-05-22,2026-05-25,2026-05-29,137.26138565429116,130.14011937017827,151.50391822251694,151.50391822251694,TARGET_HIT,10.076212144686691,100,4
DIVISLAB,Pharma,2026-05-25,2026-05-26,2026-06-02,6727.258876335633,6497.546453552224,7186.683721902452,6483.2648660825325,STOP_HIT,-3.9269454578505165,75,5
AUBANK,Bank,2026-07-06,2026-07-07,2026-07-17,1063.9668090953764,1021.7351997104334,1148.4300278652624,1021.7351997104334,STOP_HIT,-4.269260039309863,100,9
SRF,Chemicals,2026-07-06,2026-07-07,2026-07-08,2833.616063733331,2731.931948510295,3036.9842941794027,2731.931948510295,STOP_HIT,-3.888493039846252,85,2
BPCL,Energy,2026-07-07,2026-07-08,2026-08-06,306.95001220703125,294.89605134972396,331.0579339216459,323.70001220703125,EXPIRED,5.156914589956918,85,22
SUNPHARMA,Pharma,2026-07-08,2026-07-09,2026-07-28,1889.9000244140625,1841.9480167361671,1985.8040397698535,1985.8040397698535,TARGET_HIT,4.77455495618212,90,14
ABB,CapGoods,2026-07-17,2026-07-20,2026-07-29,7408.286782414288,7062.14415645625,8100.572034330364,7062.14415645625,STOP_HIT,-4.9723707670133335,85,8
CIPLA,Pharma,2026-07-28,2026-07-29,2026-08-26,1451.0,1401.3227594675595,1550.354481064881,1401.3227594675595,STOP_HIT,-3.723655446756757,85,21
CHOLAFIN,NBFC,2026-07-29,2026-07-30,2026-08-28,1785.4000244140625,1700.4488009870395,1955.3024712681085,1862.9000244140625,EXPIRED,4.040763915102675,85,22
BHARTIARTL,Telecom,2026-08-06,2026-08-07,2026-08-27,1938.300048828125,1884.2202494819455,2046.4596475204837,1884.2202494819455,STOP_HIT,-3.090063353652372,75,15
