family,pair,trades,win_rate_pct,avg_ret_pct,profit_factor,avg_hold_days,h1_avg_ret,h2_avg_ret,cagr_pct,end_capital,end_capital_worst10,max_dd_pct,trades_taken
Fibonacci,8/21,3092,37.0,0.773,1.28,20.4,2.08,-0.74,-7.0,28428,28428,29.5,173
Fibonacci,13/34,1842,35.5,1.774,1.55,30.8,3.72,-0.6,-1.3,37428,37428,26.3,124
Fibonacci,21/55,1166,35.5,2.809,1.78,41.6,4.81,0.23,8.2,58491,58491,21.2,75
Fibonacci,34/89,724,35.5,3.397,1.89,53.2,4.95,1.45,3.2,46691,46691,26.2,74
Prime,7/23,2940,37.3,0.894,1.32,21.6,2.33,-0.76,7.1,55443,55443,20.3,144
Prime,11/37,1789,35.2,2.039,1.62,32.1,3.88,-0.22,7.8,57740,57740,26.0,106
Prime,19/53,1209,36.5,3.067,1.86,41.2,5.11,0.43,6.2,53417,53417,23.3,77
Prime,31/89,735,34.8,3.143,1.8,51.9,4.86,0.99,2.9,45850,45850,23.1,64
Round,10/25,2525,37.4,1.395,1.48,24.3,3.12,-0.62,13.8,73673,73673,12.3,129
Round,15/35,1770,35.9,1.877,1.57,31.5,3.71,-0.36,7.2,56222,56222,21.3,113
Round,20/50,1262,35.9,2.863,1.82,39.9,4.84,0.38,10.1,63717,63717,22.9,85
Round,30/90,733,32.7,3.09,1.79,51.3,5.08,0.61,6.9,55234,55234,23.4,64
Random numbers,26/84,801,33.8,3.194,1.82,51.0,5.5,0.26,12.1,69468,69468,19.4,59
Random numbers,10/33,2002,35.4,1.618,1.51,29.3,3.57,-0.74,18.6,88906,88906,23.7,107
Random numbers,32/87,739,36.8,3.364,1.89,52.8,5.16,1.1,11.6,67943,67943,25.4,64
Random numbers,5/91,1363,30.0,2.326,1.73,39.4,4.3,-0.0,18.8,92990,92990,21.5,81
